Frame Number ,Layer Number,Overflow Count,Underflow Count,Max GNA value,Scale Factor
0,564,19,0,63.998,512
0,01,4,0,63.998,512
0,81,0,3,3.75,256
0,348,0,1,2.97266,256
0,87,0,0,0.101562,512
0,507,0,0,53.8164,512
0,215,18,0,63.998,512
0,71,0,1,47.8418,512
0,557,0,0,0.0605469,512
0,395,0,49,0.933594,512
0,222,0,0,63.998,512
0,44,0,0,0.0722656,512
0,412,0,0,63.998,512
0,59,0,1,63.998,512
0,500,1,0,48.9922,512
0,56,0,0,0.0292969,512
0,504,0,0,4.83398,512
0,294,0,0,0.0507812,512
0,251,0,0,0.0488281,512
0,441,0,0,0.0644531,512
0,579,0,0,0.0546875,512
0,472,0,0,10.0918,512
0,464,0,1,3.90625,256
0,468,17,1,62.1836,512
0,485,0,5,3.125,256
0,409,0,0,9.61133,512
0,325,0,0,0.0390625,512
0,585,0,58,0.990234,512
0,374,66,0,63.998,512
0,105,0,2,3.69531,256
0,124,0,0,0.0878906,512
0,359,0,0,63.998,512
0,286,0,0,63.998,512
0,369,0,2,3.375,256
0,378,0,0,7.43164,512
0,422,0,2,4.0,256
0,68,0,0,0.445312,512
0,89,0,2,4.85938,256
0,296,0,2,3.25,256
0,66,0,0,47.373,512
0,542,22,0,63.998,512
0,201,0,4,3.72656,256
0,30,0,0,63.998,512
0,127,0,0,63.998,512
0,517,0,9,4.09766,256
0,525,0,0,-1.32227,512
0,571,0,0,63.998,512
0,186,0,0,63.998,512
0,141,9,1,63.998,512
0,191,3,0,63.5918,512
0,279,3,0,63.998,512
0,581,0,4,3.5,256
0,403,0,0,6.10938,512
0,376,0,0,63.998,512
0,156,0,0,0.0585938,512
0,462,0,0,0.0625,512
0,306,0,89,0.667969,512
0,177,0,0,0.0761719,512
0,253,0,4,3.12109,256
0,544,0,1,63.998,512
0,430,0,0,3.33203,512
0,42,4,0,63.998,512
0,213,0,0,5.89258,512
0,272,0,0,0.0566406,512
0,118,0,1,5.89453,512
0,536,0,0,0.0742188,512
0,79,0,0,0.0585938,512
0,240,0,0,-0.144531,512
0,356,0,0,0.503906,512
0,261,0,0,1.09961,512
0,32,0,0,-0.988281,512
0,549,0,0,63.998,512
0,143,9,0,63.998,512
0,179,0,3,4.55469,256
0,327,0,2,2.5,256
0,164,2,0,59.7715,512
0,238,14,0,63.998,512
0,496,0,127,0.691406,512
0,559,0,4,3.875,256
0,243,14,0,63.8809,512
0,451,0,0,3.08203,512
0,389,0,0,0.0410156,512
0,314,0,0,5.33008,512
0,352,4,0,63.998,512
0,188,0,0,-0.433594,512
0,433,0,1,63.998,512
0,257,8,0,58.9863,512
0,483,0,0,0.0488281,512
0,502,0,0,48.957,512
0,259,8,0,58.9746,512
0,593,0,1,6.51367,512
0,145,0,0,-0.0527344,512
0,426,5,0,63.998,512
0,401,0,194,0.671875,512
0,217,0,0,63.998,512
0,169,2,1,59.7891,512
0,475,0,0,63.998,512
0,158,0,2,3.75,256
0,120,4,0,63.998,512
0,407,0,0,54.4453,512
0,443,0,5,4.125,256
0,568,0,0,7.5957,512
0,35,3,0,63.0371,512
0,528,9,0,62.7031,512
0,300,0,7,0.953125,512
0,274,0,4,3.40234,256
0,591,0,103,0.574219,512
0,381,0,0,63.998,512
0,538,0,4,4.65234,256
0,308,0,0,7.21289,512
0,498,0,0,8.91602,512
0,05,0,1,47.3691,512
0,109,0,3,0.931641,512
0,546,0,0,4.19727,512
0,333,6,0,63.998,512
0,405,1,0,54.4355,512
0,391,0,2,2.625,256
0,331,6,0,63.998,512
0,47,0,0,63.998,512
0,54,5,0,63.998,512
0,97,0,1,3.375,256
0,367,0,0,0.0527344,512
0,184,3,0,63.998,512
0,122,0,0,63.9609,512
0,07,1,0,63.998,512
0,135,0,0,0.0546875,512
0,523,0,0,63.998,512
0,346,0,0,0.046875,512
0,116,0,16,0.730469,512
0,449,0,0,59.4004,512
0,211,0,18,0.679688,512
0,454,0,0,62.5098,512
0,219,0,0,0.462891,512
0,354,0,0,63.998,512
0,420,0,0,0.0625,512
0,281,3,0,63.998,512
0,232,0,3,2.875,256
0,335,0,0,-0.580078,512
0,162,2,0,59.7598,512
0,317,0,0,63.998,512
0,199,0,0,0.0585938,512
0,95,0,0,0.0527344,512
0,566,19,0,63.998,512
0,283,0,0,0.00585938,512
0,230,0,0,0.0449219,512
0,310,57,0,63.998,512
0,489,0,66,0.957031,512
0,205,0,11,0.988281,512
0,137,0,4,3.5,256
0,428,5,0,63.998,512
0,103,0,0,0.0585938,512
0,515,0,0,0.0761719,512
0,264,0,0,60.1016,512
0,236,14,0,63.998,512
0,148,9,0,63.9727,512
0,521,9,0,63.998,512
0,312,57,0,63.9902,512
0,447,2,0,59.4023,512
0,470,17,1,62.1875,512
0,166,0,0,-0.00976562,512
0,338,6,0,63.4453,512
0,03,5,0,63.998,512
1,564,0,0,63.998,512
1,01,0,0,63.998,512
1,81,0,3,2.58203,256
1,348,0,3,2.5,256
1,87,0,0,0.046875,512
1,507,4,1,60.5254,512
1,215,14,0,63.998,512
1,71,11,0,61.998,512
1,557,0,0,0.0449219,512
1,395,0,34,0.9375,512
1,222,74,0,63.7344,512
1,44,0,0,-1.06641,512
1,412,0,0,63.998,512
1,59,0,0,63.998,512
1,500,0,0,34.1328,512
1,56,0,0,0.111328,512
1,504,0,0,-3.5,512
1,294,0,0,0.0351562,512
1,251,0,0,0.0371094,512
1,441,0,0,0.0488281,512
1,579,0,0,0.0429688,512
1,472,0,0,15.7656,512
1,464,0,4,2.375,256
1,468,31,0,58.1016,512
1,485,0,3,2.5,256
1,409,0,0,17.8066,512
1,325,0,0,0.0351562,512
1,585,0,69,0.923828,512
1,374,27,0,63.998,512
1,105,0,1,2.68359,256
1,124,0,0,-1.84375,512
1,359,31,0,50.5684,512
1,286,40,0,63.2461,512
1,369,0,3,2.07422,256
1,378,0,0,6.95703,512
1,422,0,2,2.875,256
1,68,0,0,-2.02734,512
1,89,0,5,2.90625,256
1,296,0,4,2.22266,256
1,66,9,0,63.998,512
1,542,0,0,33.8555,512
1,201,0,1,2.28906,256
1,30,9,0,63.998,512
1,127,42,0,62.1816,512
1,517,0,4,3.30859,256
1,525,0,0,-3.44531,512
1,571,0,0,63.998,512
1,186,18,0,63.998,512
1,141,8,0,63.998,512
1,191,21,0,61.7109,512
1,279,3,0,63.998,512
1,581,0,5,2.75,256
1,403,0,0,6.13086,512
1,376,114,0,63.998,512
1,156,0,0,0.0390625,512
1,462,0,0,0.0390625,512
1,306,0,63,0.761719,512
1,177,0,0,0.0429688,512
1,253,0,4,2.375,256
1,544,19,0,63.998,512
1,430,0,0,1.39258,512
1,42,13,0,63.998,512
1,213,0,0,6.97852,512
1,272,0,0,0.0390625,512
1,118,0,0,9.85156,512
1,536,0,0,0.0546875,512
1,79,0,0,0.0410156,512
1,240,0,0,1.26367,512
1,356,0,0,-13.4551,512
1,261,0,0,-8.53516,512
1,32,0,0,-1.5625,512
1,549,0,0,63.998,512
1,143,51,1,63.998,512
1,179,0,2,2.63281,256
1,327,0,4,2.25,256
1,164,14,0,63.998,512
1,238,45,0,63.998,512
1,496,0,130,0.742188,512
1,559,0,3,2.875,256
1,243,0,0,63.998,512
1,451,0,0,-3.19531,512
1,389,0,0,0.0371094,512
1,314,0,0,2.38086,512
1,352,4,0,63.998,512
1,188,0,0,-2.31445,512
1,433,0,0,63.998,512
1,257,8,0,63.998,512
1,483,0,0,0.0390625,512
1,502,2,0,63.998,512
1,259,25,0,63.998,512
1,593,0,0,4.75391,512
1,145,0,0,-0.425781,512
1,426,2,0,63.998,512
1,401,0,106,0.689453,512
1,217,73,0,63.998,512
1,169,17,0,61.3145,512
1,475,0,0,63.998,512
1,158,0,4,2.48438,256
1,120,0,0,63.998,512
1,407,110,0,63.998,512
1,443,0,4,3.125,256
1,568,0,0,15.2188,512
1,35,10,1,62.4629,512
1,528,6,0,60.5801,512
1,300,0,27,0.914062,512
1,274,0,4,2.16797,256
1,591,0,114,0.730469,512
1,381,0,0,63.998,512
1,538,0,4,3.3125,256
1,308,0,0,7.05664,512
1,498,0,1,10.3945,512
1,05,0,0,58.3906,512
1,109,0,7,0.947266,512
1,546,0,0,1.91211,512
1,333,37,0,63.998,512
1,405,7,0,62.8711,512
1,391,0,1,2.375,256
1,331,9,0,63.998,512
1,47,13,0,62.959,512
1,54,32,0,63.998,512
1,97,0,6,2.75,256
1,367,0,0,0.0410156,512
1,184,0,0,63.998,512
1,122,38,0,63.998,512
1,07,0,0,62.1484,512
1,135,0,0,0.0371094,512
1,523,6,0,63.998,512
1,346,0,0,0.0390625,512
1,116,0,10,0.75,512
1,449,31,0,63.998,512
1,211,0,30,0.902344,512
1,454,42,0,60.8301,512
1,219,0,0,-0.291016,512
1,354,8,1,63.998,512
1,420,0,0,0.0449219,512
1,281,39,0,63.998,512
1,232,0,3,2.11719,256
1,335,0,0,0.558594,512
1,162,0,1,57.8984,512
1,317,0,0,63.998,512
1,199,0,0,0.0371094,512
1,95,0,0,0.0429688,512
1,566,103,1,63.998,512
1,283,0,0,-0.779297,512
1,230,0,0,0.0332031,512
1,310,21,2,63.998,512
1,489,0,55,0.949219,512
1,205,0,9,0.953125,512
1,137,0,4,2.30859,256
1,428,12,0,63.998,512
1,103,0,0,0.0429688,512
1,515,0,0,0.0546875,512
1,264,33,0,55.4883,512
1,236,11,0,63.998,512
1,148,51,0,63.5996,512
1,521,15,0,63.998,512
1,312,78,0,63.998,512
1,447,1,0,63.998,512
1,470,183,0,63.998,512
1,166,0,0,-2.71094,512
1,338,0,0,63.998,512
1,03,6,0,63.998,512
2,564,14,0,63.998,512
2,01,0,0,63.998,512
2,81,0,3,2.78125,256
2,348,0,2,2.6875,256
2,87,0,0,0.0527344,512
2,507,29,0,58.7324,512
2,215,6,0,63.998,512
2,71,2,0,62.4746,512
2,557,0,0,0.046875,512
2,395,0,34,0.931641,512
2,222,39,0,62.2227,512
2,44,0,0,-2.08008,512
2,412,0,0,63.998,512
2,59,14,0,63.8223,512
2,500,6,0,63.998,512
2,56,0,0,-0.203125,512
2,504,0,0,-5.29102,512
2,294,0,0,0.0390625,512
2,251,0,0,0.0410156,512
2,441,0,0,0.0507812,512
2,579,0,0,0.0371094,512
2,472,0,0,5.70117,512
2,464,0,7,2.53516,256
2,468,11,0,63.998,512
2,485,0,4,2.5,256
2,409,0,0,5.62695,512
2,325,0,0,0.0371094,512
2,585,0,47,0.974609,512
2,374,5,0,63.998,512
2,105,0,3,2.82812,256
2,124,0,0,-2.57031,512
2,359,28,0,54.5723,512
2,286,33,0,61.3086,512
2,369,0,4,2.13281,256
2,378,0,0,5.34375,512
2,422,0,3,2.75,256
2,68,0,0,-1.55078,512
2,89,0,9,3.29297,256
2,296,0,4,2.39453,256
2,66,2,0,63.998,512
2,542,1,0,63.998,512
2,201,0,4,2.35156,256
2,30,3,0,63.998,512
2,127,58,0,61.4551,512
2,517,0,2,2.75391,256
2,525,0,0,-15.6777,512
2,571,0,1,63.998,512
2,186,23,0,63.998,512
2,141,9,0,63.998,512
2,191,26,0,60.1875,512
2,279,0,0,63.998,512
2,581,0,3,2.375,256
2,403,0,1,9.77148,512
2,376,43,0,63.998,512
2,156,0,0,0.0410156,512
2,462,0,0,0.0429688,512
2,306,0,53,0.615234,512
2,177,0,0,0.0410156,512
2,253,0,4,2.625,256
2,544,11,1,63.998,512
2,430,0,0,0.378906,512
2,42,6,0,63.998,512
2,213,0,0,9.81055,512
2,272,0,0,0.0390625,512
2,118,0,0,12.293,512
2,536,0,0,0.0429688,512
2,79,0,0,0.0449219,512
2,240,0,0,-0.0429688,512
2,356,0,0,-9.45117,512
2,261,0,0,-5.17578,512
2,32,0,0,-3.72656,512
2,549,15,1,53.4961,512
2,143,40,0,63.998,512
2,179,0,3,2.48828,256
2,327,0,8,2.375,256
2,164,17,0,63.998,512
2,238,32,0,63.998,512
2,496,0,76,0.857422,512
2,559,0,3,2.50781,256
2,243,32,0,63.9824,512
2,451,0,0,-5.04297,512
2,389,0,0,0.0429688,512
2,314,0,0,1.25391,512
2,352,4,0,63.998,512
2,188,0,0,-3.83789,512
2,433,0,0,63.998,512
2,257,2,0,63.998,512
2,483,0,0,0.0390625,512
2,502,20,0,63.998,512
2,259,14,0,63.998,512
2,593,0,0,3.02734,512
2,145,0,0,-0.267578,512
2,426,6,0,63.998,512
2,401,0,85,0.75,512
2,217,35,0,63.998,512
2,169,23,0,60.6992,512
2,475,0,0,63.998,512
2,158,0,3,2.61328,256
2,120,7,0,63.998,512
2,407,32,0,63.998,512
2,443,0,3,3.25,256
2,568,0,0,17.8066,512
2,35,3,0,60.2988,512
2,528,30,1,48.3438,512
2,300,0,13,0.904297,512
2,274,0,2,2.29688,256
2,591,0,99,0.486328,512
2,381,0,0,63.998,512
2,538,0,8,2.07812,256
2,308,0,0,5.73828,512
2,498,0,0,28.8262,512
2,05,0,0,52.6914,512
2,109,0,16,0.96875,512
2,546,0,0,-10.5273,512
2,333,21,0,63.998,512
2,405,3,0,63.998,512
2,391,0,2,2.75,256
2,331,7,0,63.998,512
2,47,7,0,61.9453,512
2,54,14,0,63.998,512
2,97,0,2,3.24219,256
2,367,0,0,0.0390625,512
2,184,0,0,63.998,512
2,122,42,0,63.998,512
2,07,0,0,60.0449,512
2,135,0,0,0.0351562,512
2,523,24,0,63.998,512
2,346,0,0,0.0429688,512
2,116,0,27,0.783203,512
2,449,23,0,63.998,512
2,211,0,33,0.845703,512
2,454,29,0,58.9805,512
2,219,0,0,-1.80273,512
2,354,17,0,63.998,512
2,420,0,0,0.0429688,512
2,281,27,0,63.998,512
2,232,0,4,2.30859,256
2,335,0,0,-1.44531,512
2,162,1,0,63.998,512
2,317,0,1,63.998,512
2,199,0,0,0.0390625,512
2,95,0,0,0.0507812,512
2,566,122,0,63.998,512
2,283,0,0,-2.7168,512
2,230,0,0,0.0371094,512
2,310,9,0,63.998,512
2,489,0,54,0.939453,512
2,205,0,15,0.832031,512
2,137,0,2,2.16016,256
2,428,7,0,63.998,512
2,103,0,0,0.046875,512
2,515,0,0,0.046875,512
2,264,24,0,58.8477,512
2,236,10,0,63.998,512
2,148,41,1,63.7578,512
2,521,16,0,63.998,512
2,312,70,0,63.998,512
2,447,1,0,63.998,512
2,470,83,0,63.998,512
2,166,0,0,-3.32617,512
2,338,24,0,62.5801,512
2,03,4,0,63.998,512
3,564,0,0,63.998,512
3,01,2,0,63.998,512
3,81,0,4,2.77344,256
3,348,0,1,2.99609,256
3,87,0,0,0.0527344,512
3,507,7,0,60.5762,512
3,215,4,0,63.998,512
3,71,4,0,63.3281,512
3,557,0,0,0.0507812,512
3,395,0,33,0.943359,512
3,222,19,0,62.9043,512
3,44,0,0,-2.27539,512
3,412,0,1,63.998,512
3,59,13,0,63.998,512
3,500,1,0,60.8613,512
3,56,0,0,-0.0214844,512
3,504,0,0,-3.44922,512
3,294,0,0,0.0390625,512
3,251,0,0,0.0410156,512
3,441,0,0,0.046875,512
3,579,0,0,0.0449219,512
3,472,0,0,1.80469,512
3,464,0,4,2.07422,256
3,468,5,0,63.998,512
3,485,0,1,2.375,256
3,409,0,0,3.08203,512
3,325,0,0,0.0429688,512
3,585,0,45,0.982422,512
3,374,1,1,63.998,512
3,105,0,4,2.80469,256
3,124,0,0,-3.41211,512
3,359,19,0,57.5508,512
3,286,25,0,60.0508,512
3,369,0,11,2.58594,256
3,378,0,0,2.75977,512
3,422,0,2,2.5,256
3,68,0,0,-0.697266,512
3,89,0,2,3.33984,256
3,296,0,3,2.34766,256
3,66,3,0,63.998,512
3,542,0,0,63.998,512
3,201,0,2,2.35156,256
3,30,3,0,63.998,512
3,127,37,0,60.6133,512
3,517,0,3,3.19531,256
3,525,0,0,-12.9219,512
3,571,0,0,63.998,512
3,186,27,0,63.998,512
3,141,8,0,63.998,512
3,191,38,0,57.3516,512
3,279,0,0,63.998,512
3,581,0,6,2.875,256
3,403,0,0,16.9062,512
3,376,17,0,63.998,512
3,156,0,0,0.0449219,512
3,462,0,0,0.0390625,512
3,306,0,59,0.679688,512
3,177,0,0,0.0449219,512
3,253,0,4,2.625,256
3,544,2,0,63.998,512
3,430,0,0,-0.582031,512
3,42,11,0,63.998,512
3,213,0,1,12.6133,512
3,272,0,0,0.0429688,512
3,118,0,0,16.2695,512
3,536,0,0,0.0488281,512
3,79,0,0,0.0449219,512
3,240,0,0,0.414062,512
3,356,0,0,-6.47266,512
3,261,0,0,-0.845703,512
3,32,0,0,-4.19727,512
3,549,4,0,51.0508,512
3,143,23,0,63.998,512
3,179,0,4,2.85547,256
3,327,0,0,2.75,256
3,164,7,0,63.998,512
3,238,19,0,63.998,512
3,496,0,46,0.892578,512
3,559,0,6,2.59375,256
3,243,0,0,63.998,512
3,451,0,0,-10.8906,512
3,389,0,0,0.0429688,512
3,314,0,0,0.65625,512
3,352,8,0,63.998,512
3,188,0,0,-6.67188,512
3,433,11,0,63.4434,512
3,257,2,1,63.998,512
3,483,0,0,0.0371094,512
3,502,6,0,63.998,512
3,259,16,0,63.998,512
3,593,0,1,3.76367,512
3,145,0,0,-0.861328,512
3,426,2,0,63.998,512
3,401,0,65,0.771484,512
3,217,18,0,63.998,512
3,169,7,0,63.5645,512
3,475,0,0,63.998,512
3,158,0,0,2.83594,256
3,120,4,0,63.998,512
3,407,35,0,63.998,512
3,443,0,1,2.97266,256
3,568,0,0,6.98828,512
3,35,3,1,59.8281,512
3,528,19,1,51.1016,512
3,300,0,17,0.902344,512
3,274,0,5,2.71484,256
3,591,0,96,0.912109,512
3,381,0,0,63.998,512
3,538,0,5,2.49609,256
3,308,0,0,6.76953,512
3,498,0,0,26.9746,512
3,05,0,0,42.1738,512
3,109,0,14,0.970703,512
3,546,0,0,-12.9727,512
3,333,13,0,63.998,512
3,405,2,0,63.998,512
3,391,0,4,2.75,256
3,331,7,0,63.998,512
3,47,11,0,61.75,512
3,54,13,0,63.998,512
3,97,0,0,3.25,256
3,367,0,0,0.0449219,512
3,184,0,0,63.998,512
3,122,33,0,63.998,512
3,07,0,1,63.0156,512
3,135,0,0,0.0371094,512
3,523,16,0,63.998,512
3,346,0,0,0.046875,512
3,116,0,30,0.798828,512
3,449,44,0,63.998,512
3,211,0,41,0.861328,512
3,454,73,0,53.1328,512
3,219,0,0,-1.12109,512
3,354,13,0,63.998,512
3,420,0,0,0.0390625,512
3,281,17,0,63.998,512
3,232,0,3,2.33594,256
3,335,0,0,-0.126953,512
3,162,1,0,63.998,512
3,317,0,0,63.998,512
3,199,0,0,0.0410156,512
3,95,0,0,0.0507812,512
3,566,19,0,63.998,512
3,283,0,0,-3.97461,512
3,230,0,0,0.0371094,512
3,310,3,0,63.998,512
3,489,0,38,0.902344,512
3,205,0,7,0.933594,512
3,137,0,2,2.25,256
3,428,11,0,63.998,512
3,103,0,0,0.046875,512
3,515,0,0,0.0527344,512
3,264,18,0,63.1797,512
3,236,8,0,63.998,512
3,148,27,0,63.1641,512
3,521,15,1,63.998,512
3,312,17,0,63.998,512
3,447,2,0,63.998,512
3,470,25,0,63.998,512
3,166,0,0,-0.460938,512
3,338,13,0,63.8984,512
3,03,5,0,63.998,512
4,564,4,0,63.998,512
4,01,0,1,63.998,512
4,81,0,2,2.75391,256
4,348,0,2,2.84766,256
4,87,0,0,0.0507812,512
4,507,7,0,59.416,512
4,215,3,0,63.998,512
4,71,0,0,63.998,512
4,557,0,0,0.0527344,512
4,395,0,28,0.769531,512
4,222,22,0,62.4336,512
4,44,0,0,-2.68945,512
4,412,15,0,63.291,512
4,59,13,0,63.957,512
4,500,1,0,63.998,512
4,56,0,0,-0.0683594,512
4,504,0,0,-4.60742,512
4,294,0,0,0.0390625,512
4,251,0,0,0.0410156,512
4,441,0,0,0.0546875,512
4,579,0,0,0.0488281,512
4,472,0,0,-1.91016,512
4,464,0,2,2.57812,256
4,468,4,0,63.998,512
4,485,0,2,2.66797,256
4,409,0,0,-0.734375,512
4,325,0,0,0.0429688,512
4,585,0,32,0.986328,512
4,374,6,0,63.998,512
4,105,0,3,2.75391,256
4,124,0,0,-3.90234,512
4,359,11,0,59.832,512
4,286,48,0,58.7031,512
4,369,0,5,2.6875,256
4,378,0,0,-0.779297,512
4,422,0,1,2.71875,256
4,68,0,0,0.148438,512
4,89,0,2,3.25,256
4,296,0,5,2.29297,256
4,66,2,0,63.998,512
4,542,0,0,63.998,512
4,201,0,6,2.0625,256
4,30,1,0,63.998,512
4,127,42,0,60.123,512
4,517,0,7,3.48047,256
4,525,0,0,-11.2969,512
4,571,0,0,63.998,512
4,186,39,0,63.998,512
4,141,9,0,63.998,512
4,191,54,0,55.5605,512
4,279,1,1,63.998,512
4,581,0,1,3.125,256
4,403,0,0,16.752,512
4,376,45,0,63.998,512
4,156,0,0,0.0410156,512
4,462,0,0,0.0449219,512
4,306,0,51,0.638672,512
4,177,0,0,0.0429688,512
4,253,0,4,2.625,256
4,544,0,0,63.998,512
4,430,0,0,0.648438,512
4,42,7,0,63.998,512
4,213,0,0,12.6562,512
4,272,0,0,0.0390625,512
4,118,0,0,18.5391,512
4,536,0,0,0.0527344,512
4,79,0,0,0.0449219,512
4,240,0,0,0.490234,512
4,356,0,0,-4.19336,512
4,261,0,0,0.441406,512
4,32,0,0,-5.31055,512
4,549,5,0,50.0,512
4,143,38,0,63.998,512
4,179,0,3,2.75,256
4,327,0,5,2.72656,256
4,164,15,0,63.998,512
4,238,18,0,63.998,512
4,496,0,36,0.869141,512
4,559,0,4,2.63672,256
4,243,0,0,63.998,512
4,451,0,0,-6.66016,512
4,389,0,0,0.0371094,512
4,314,0,0,-0.542969,512
4,352,4,0,63.998,512
4,188,0,0,-8.46289,512
4,433,0,0,63.998,512
4,257,10,0,63.998,512
4,483,0,0,0.0429688,512
4,502,5,0,63.998,512
4,259,31,0,63.998,512
4,593,0,0,5.64062,512
4,145,0,0,-0.662109,512
4,426,2,0,63.998,512
4,401,0,54,0.716797,512
4,217,18,0,63.998,512
4,169,0,0,63.998,512
4,475,12,0,62.1152,512
4,158,0,5,2.59766,256
4,120,2,0,63.998,512
4,407,14,0,63.998,512
4,443,0,7,3.5,256
4,568,0,0,7.33984,512
4,35,2,0,58.7129,512
4,528,18,1,52.7266,512
4,300,0,17,0.900391,512
4,274,0,5,2.5,256
4,591,0,42,0.480469,512
4,381,50,0,63.2461,512
4,538,0,5,2.78125,256
4,308,0,0,7.17383,512
4,498,0,0,27.9824,512
4,05,0,0,49.4473,512
4,109,0,18,0.947266,512
4,546,0,0,-14.0215,512
4,333,21,0,63.998,512
4,405,0,0,49.8555,512
4,391,0,2,2.34766,256
4,331,6,1,63.998,512
4,47,9,0,61.3359,512
4,54,13,0,63.998,512
4,97,0,1,3.12109,256
4,367,0,0,0.0449219,512
4,184,0,0,63.998,512
4,122,32,0,63.998,512
4,07,0,0,55.3184,512
4,135,0,0,0.0351562,512
4,523,15,0,63.998,512
4,346,0,0,0.0449219,512
4,116,0,17,0.794922,512
4,449,11,0,63.998,512
4,211,0,36,0.921875,512
4,454,24,0,57.3633,512
4,219,0,0,-1.5918,512
4,354,8,0,63.998,512
4,420,0,0,0.0429688,512
4,281,35,0,63.998,512
4,232,0,3,2.4375,256
4,335,0,0,-0.621094,512
4,162,0,0,63.998,512
4,317,11,0,63.4824,512
4,199,0,0,0.0371094,512
4,95,0,0,0.0488281,512
4,566,8,0,63.998,512
4,283,0,0,-5.32031,512
4,230,0,0,0.0390625,512
4,310,1,1,63.998,512
4,489,0,28,0.761719,512
4,205,0,12,0.898438,512
4,137,0,5,2.11328,256
4,428,8,0,63.998,512
4,103,0,0,0.046875,512
4,515,0,0,0.0585938,512
4,264,0,0,63.998,512
4,236,12,0,63.998,512
4,148,41,0,63.3633,512
4,521,15,0,63.998,512
4,312,11,0,63.998,512
4,447,1,0,63.998,512
4,470,10,0,63.998,512
4,166,0,0,0.144531,512
4,338,22,0,63.4043,512
4,03,6,0,63.998,512
5,564,0,0,63.998,512
5,01,0,1,63.998,512
5,81,0,5,2.51562,256
5,348,0,1,2.98438,256
5,87,0,0,0.0449219,512
5,507,0,0,63.998,512
5,215,1,1,63.998,512
5,71,9,0,63.9629,512
5,557,0,0,0.0605469,512
5,395,0,28,0.847656,512
5,222,24,0,62.0742,512
5,44,0,0,-2.66016,512
5,412,17,1,60.6699,512
5,59,25,0,63.8848,512
5,500,0,0,55.6836,512
5,56,0,0,-0.140625,512
5,504,0,0,2.15039,512
5,294,0,0,0.0371094,512
5,251,0,0,0.0390625,512
5,441,0,0,0.0566406,512
5,579,0,0,0.0566406,512
5,472,0,0,-2.90039,512
5,464,0,0,2.32812,256
5,468,2,0,63.998,512
5,485,0,5,2.50781,256
5,409,0,0,-3.35547,512
5,325,0,0,0.0449219,512
5,585,0,35,0.976562,512
5,374,1,0,63.998,512
5,105,0,2,2.38281,256
5,124,0,0,-4.24805,512
5,359,7,0,59.8145,512
5,286,40,0,58.623,512
5,369,0,3,2.80469,256
5,378,0,0,-0.792969,512
5,422,0,6,2.60547,256
5,68,0,0,-0.0625,512
5,89,0,3,2.875,256
5,296,0,2,2.17578,256
5,66,9,0,63.998,512
5,542,0,0,63.998,512
5,201,0,4,2.06641,256
5,30,8,0,63.998,512
5,127,46,0,59.7773,512
5,517,0,5,3.75,256
5,525,0,0,-3.54102,512
5,571,0,0,63.998,512
5,186,47,0,63.998,512
5,141,8,0,63.998,512
5,191,60,0,55.6699,512
5,279,0,1,63.998,512
5,581,0,2,3.625,256
5,403,0,0,15.6875,512
5,376,15,0,63.998,512
5,156,0,0,0.0410156,512
5,462,0,0,0.0429688,512
5,306,0,60,0.763672,512
5,177,0,0,0.0410156,512
5,253,0,3,2.5,256
5,544,0,0,63.998,512
5,430,0,0,0.613281,512
5,42,9,0,63.998,512
5,213,0,0,12.502,512
5,272,0,0,0.0410156,512
5,118,0,0,15.5645,512
5,536,0,0,0.0605469,512
5,79,0,0,0.0410156,512
5,240,0,0,0.404297,512
5,356,0,0,-4.21094,512
5,261,0,0,-1.44727,512
5,32,0,0,-5.93945,512
5,549,0,0,60.7559,512
5,143,33,0,63.998,512
5,179,0,4,2.61328,256
5,327,0,2,2.83984,256
5,164,19,0,63.998,512
5,238,26,0,63.998,512
5,496,0,26,0.824219,512
5,559,0,5,3.67969,256
5,243,0,0,63.998,512
5,451,0,0,-9.83008,512
5,389,0,0,0.0429688,512
5,314,0,0,-0.830078,512
5,352,0,0,63.998,512
5,188,0,0,-8.35352,512
5,433,0,0,63.998,512
5,257,9,0,63.998,512
5,483,0,0,0.0410156,512
5,502,2,0,63.998,512
5,259,15,0,63.998,512
5,593,0,0,5.98633,512
5,145,0,0,-0.640625,512
5,426,2,0,63.998,512
5,401,0,68,0.818359,512
5,217,19,0,63.998,512
5,169,19,0,63.668,512
5,475,19,0,61.125,512
5,158,0,1,2.60156,256
5,120,0,0,63.998,512
5,407,13,0,63.998,512
5,443,0,2,3.625,256
5,568,0,0,5.25586,512
5,35,18,0,58.084,512
5,528,5,0,49.9609,512
5,300,0,18,0.943359,512
5,274,0,7,2.56641,256
5,591,0,74,0.779297,512
5,381,16,0,63.2324,512
5,538,0,5,3.02344,256
5,308,0,0,5.99805,512
5,498,0,1,19.8066,512
5,05,0,0,53.9844,512
5,109,0,9,0.970703,512
5,546,0,0,-3.26953,512
5,333,18,0,63.998,512
5,405,0,0,63.998,512
5,391,0,3,2.71875,256
5,331,5,0,63.998,512
5,47,13,0,61.3652,512
5,54,24,0,63.998,512
5,97,0,3,2.74609,256
5,367,0,0,0.046875,512
5,184,0,0,63.998,512
5,122,33,0,63.998,512
5,07,0,0,57.2598,512
5,135,0,0,0.0351562,512
5,523,4,0,53.4785,512
5,346,0,0,0.046875,512
5,116,0,13,0.736328,512
5,449,13,0,63.998,512
5,211,0,36,0.921875,512
5,454,24,0,54.1934,512
5,219,0,0,-1.95117,512
5,354,6,0,63.998,512
5,420,0,0,0.0429688,512
5,281,30,0,63.998,512
5,232,0,1,2.42578,256
5,335,0,0,-0.359375,512
5,162,0,1,63.998,512
5,317,8,0,63.1953,512
5,199,0,0,0.0371094,512
5,95,0,0,0.0429688,512
5,566,2,0,60.3906,512
5,283,0,0,-5.40039,512
5,230,0,0,0.0390625,512
5,310,1,0,63.998,512
5,489,0,24,0.871094,512
5,205,0,11,0.90625,512
5,137,0,0,2.10156,256
5,428,7,0,63.998,512
5,103,0,0,0.0410156,512
5,515,0,0,0.0585938,512
5,264,17,2,62.5781,512
5,236,12,0,63.998,512
5,148,35,0,63.3848,512
5,521,15,0,63.998,512
5,312,7,0,63.998,512
5,447,1,0,63.998,512
5,470,11,0,63.998,512
5,166,0,0,-0.357422,512
5,338,19,0,63.666,512
5,03,6,0,63.998,512
6,564,0,0,63.998,512
6,01,0,0,63.998,512
6,81,0,4,2.63281,256
6,348,0,3,3.11719,256
6,87,0,0,0.0488281,512
6,507,31,0,49.0273,512
6,215,2,0,63.998,512
6,71,2,0,63.0684,512
6,557,0,0,0.046875,512
6,395,0,25,0.751953,512
6,222,15,0,62.0762,512
6,44,0,0,-2.75781,512
6,412,14,0,62.9141,512
6,59,0,0,63.998,512
6,500,0,0,52.293,512
6,56,0,0,0.0644531,512
6,504,0,0,-14.9941,512
6,294,0,0,0.0390625,512
6,251,0,0,0.0410156,512
6,441,0,0,0.0566406,512
6,579,0,0,0.0371094,512
6,472,0,0,-2.16406,512
6,464,0,2,2.59766,256
6,468,3,0,63.998,512
6,485,0,7,2.65625,256
6,409,0,0,-1.11133,512
6,325,0,0,0.046875,512
6,585,0,40,0.980469,512
6,374,0,0,63.998,512
6,105,0,2,2.5,256
6,124,0,0,-3.49219,512
6,359,8,0,61.1523,512
6,286,31,0,58.8145,512
6,369,0,3,2.86719,256
6,378,0,0,-1.33984,512
6,422,0,5,2.94922,256
6,68,0,0,-0.957031,512
6,89,0,2,3.07812,256
6,296,0,3,2.29688,256
6,66,1,1,63.998,512
6,542,0,0,55.3828,512
6,201,0,4,2.10547,256
6,30,9,0,63.998,512
6,127,39,0,60.5332,512
6,517,0,1,2.39453,256
6,525,0,0,-9.37891,512
6,571,56,0,63.8887,512
6,186,27,0,63.998,512
6,141,9,1,63.998,512
6,191,45,0,56.7188,512
6,279,0,0,63.998,512
6,581,0,2,2.37109,256
6,403,0,1,17.0391,512
6,376,21,0,63.998,512
6,156,0,0,0.0371094,512
6,462,0,0,0.0449219,512
6,306,0,67,0.611328,512
6,177,0,0,0.0410156,512
6,253,0,2,2.625,256
6,544,3,0,63.998,512
6,430,0,0,0.773438,512
6,42,8,0,63.998,512
6,213,0,0,14.4766,512
6,272,0,0,0.0410156,512
6,118,0,0,12.748,512
6,536,0,0,0.046875,512
6,79,0,0,0.0429688,512
6,240,0,0,0.626953,512
6,356,0,0,-2.87305,512
6,261,0,0,-1.62305,512
6,32,0,0,-5.82031,512
6,549,8,0,48.3984,512
6,143,44,0,63.998,512
6,179,0,1,2.59766,256
6,327,0,5,2.98047,256
6,164,17,1,63.998,512
6,238,29,0,63.998,512
6,496,0,17,0.865234,512
6,559,0,1,2.26953,256
6,243,0,0,63.998,512
6,451,0,0,-6.21875,512
6,389,0,0,0.0429688,512
6,314,0,0,-0.402344,512
6,352,2,0,63.998,512
6,188,0,0,-7.30469,512
6,433,0,0,63.998,512
6,257,1,0,63.998,512
6,483,0,0,0.0429688,512
6,502,14,0,63.998,512
6,259,18,0,63.998,512
6,593,0,2,3.20703,512
6,145,0,0,-0.640625,512
6,426,9,0,63.998,512
6,401,0,61,0.865234,512
6,217,13,0,63.998,512
6,169,18,0,63.377,512
6,475,23,0,61.8613,512
6,158,0,3,2.35156,256
6,120,0,0,63.998,512
6,407,13,0,63.998,512
6,443,0,4,3.625,256
6,568,0,0,-0.136719,512
6,35,15,0,58.2031,512
6,528,28,1,54.6445,512
6,300,0,17,0.900391,512
6,274,0,6,2.55859,256
6,591,0,76,0.384766,512
6,381,25,0,62.6855,512
6,538,0,2,2.5625,256
6,308,0,3,6.19141,512
6,498,0,1,16.8535,512
6,05,0,0,46.5605,512
6,109,0,12,0.951172,512
6,546,0,0,-15.623,512
6,333,9,1,63.998,512
6,405,0,0,63.998,512
6,391,0,4,2.69531,256
6,331,7,0,63.998,512
6,47,12,0,61.2676,512
6,54,17,0,63.998,512
6,97,0,4,3.125,256
6,367,0,0,0.046875,512
6,184,0,0,63.998,512
6,122,30,0,63.998,512
6,07,0,0,60.6641,512
6,135,0,0,0.0371094,512
6,523,21,0,63.998,512
6,346,0,0,0.0488281,512
6,116,0,20,0.744141,512
6,449,8,0,63.998,512
6,211,0,38,0.933594,512
6,454,17,0,57.8047,512
6,219,0,0,-1.94922,512
6,354,8,0,63.998,512
6,420,0,0,0.046875,512
6,281,22,0,63.998,512
6,232,0,7,2.54688,256
6,335,0,0,-0.169922,512
6,162,0,0,63.998,512
6,317,4,0,63.623,512
6,199,0,0,0.0371094,512
6,95,0,0,0.0488281,512
6,566,56,0,63.998,512
6,283,0,0,-5.20898,512
6,230,0,0,0.0410156,512
6,310,1,0,63.998,512
6,489,0,32,0.898438,512
6,205,0,8,0.865234,512
6,137,0,8,2.24609,256
6,428,9,0,63.998,512
6,103,0,0,0.0429688,512
6,515,0,0,0.0488281,512
6,264,24,0,62.4023,512
6,236,5,0,63.998,512
6,148,46,0,63.3848,512
6,521,15,0,63.998,512
6,312,4,0,63.998,512
6,447,3,0,63.998,512
6,470,20,0,63.998,512
6,166,0,0,-0.648438,512
6,338,9,0,63.8555,512
6,03,3,0,61.2227,512
7,564,0,0,51.5254,512
7,01,0,0,63.998,512
7,81,0,5,2.75781,256
7,348,0,6,2.625,256
7,87,0,0,0.0507812,512
7,507,0,0,52.2793,512
7,215,10,0,63.998,512
7,71,1,0,63.7656,512
7,557,0,0,0.0566406,512
7,395,0,20,0.761719,512
7,222,47,0,62.1504,512
7,44,0,0,-2.60742,512
7,412,0,0,63.998,512
7,59,20,0,63.9707,512
7,500,0,0,41.9609,512
7,56,0,0,-0.0546875,512
7,504,0,0,0.566406,512
7,294,0,0,0.0351562,512
7,251,0,0,0.0351562,512
7,441,0,0,0.0527344,512
7,579,0,0,0.0566406,512
7,472,0,0,-0.496094,512
7,464,0,3,2.27344,256
7,468,0,0,63.998,512
7,485,0,3,2.60547,256
7,409,0,0,0.535156,512
7,325,0,0,0.0429688,512
7,585,0,29,0.912109,512
7,374,0,0,63.998,512
7,105,0,3,2.59375,256
7,124,0,0,-3.83789,512
7,359,21,0,61.2305,512
7,286,59,0,59.4609,512
7,369,0,7,2.63281,256
7,378,0,0,-0.710938,512
7,422,0,3,2.875,256
7,68,0,0,-0.259766,512
7,89,0,8,3.23828,256
7,296,0,3,2.08984,256
7,66,1,0,63.998,512
7,542,0,0,41.623,512
7,201,0,5,2.08594,256
7,30,8,1,63.998,512
7,127,33,0,60.1875,512
7,517,0,2,3.16406,256
7,525,0,0,-3.3125,512
7,571,0,0,63.998,512
7,186,26,0,63.998,512
7,141,13,0,63.998,512
7,191,45,0,56.2227,512
7,279,6,0,63.998,512
7,581,0,4,3.625,256
7,403,0,0,14.5508,512
7,376,35,1,63.998,512
7,156,0,0,0.0371094,512
7,462,0,0,0.0390625,512
7,306,0,53,0.769531,512
7,177,0,0,0.0410156,512
7,253,0,4,2.25,256
7,544,22,1,63.998,512
7,430,0,0,0.84375,512
7,42,5,0,63.998,512
7,213,0,1,14.8223,512
7,272,0,0,0.0371094,512
7,118,0,0,12.248,512
7,536,0,0,0.0605469,512
7,79,0,0,0.0449219,512
7,240,0,0,0.607422,512
7,356,0,0,-2.79492,512
7,261,0,0,-0.783203,512
7,32,0,0,-6.24609,512
7,549,0,0,63.998,512
7,143,42,0,63.998,512
7,179,0,4,2.61719,256
7,327,0,6,2.71875,256
7,164,22,0,63.998,512
7,238,55,1,63.998,512
7,496,0,31,0.826172,512
7,559,0,3,3.625,256
7,243,0,0,63.998,512
7,451,0,0,-5.79883,512
7,389,0,0,0.0390625,512
7,314,0,0,-0.740234,512
7,352,13,0,63.998,512
7,188,0,0,-7.80078,512
7,433,0,0,63.998,512
7,257,16,0,63.998,512
7,483,0,0,0.0410156,512
7,502,0,0,51.6875,512
7,259,41,0,63.998,512
7,593,0,0,5.06445,512
7,145,0,0,-0.443359,512
7,426,2,0,63.998,512
7,401,0,68,0.732422,512
7,217,41,0,63.998,512
7,169,22,0,63.834,512
7,475,20,0,63.5293,512
7,158,0,4,2.35938,256
7,120,0,0,63.998,512
7,407,14,0,63.998,512
7,443,0,2,3.375,256
7,568,0,0,5.02734,512
7,35,17,0,57.7773,512
7,528,0,0,53.7324,512
7,300,0,18,0.869141,512
7,274,0,3,2.34766,256
7,591,0,86,0.853516,512
7,381,37,0,63.3145,512
7,538,0,2,3.25391,256
7,308,0,0,6.63281,512
7,498,0,0,12.6895,512
7,05,0,0,45.0527,512
7,109,0,20,0.960938,512
7,546,0,0,0.0214844,512
7,333,21,0,63.998,512
7,405,0,0,63.998,512
7,391,0,4,2.47266,256
7,331,9,0,63.998,512
7,47,6,0,61.418,512
7,54,19,0,63.998,512
7,97,0,4,3.0,256
7,367,0,0,0.0429688,512
7,184,1,1,63.998,512
7,122,27,0,63.998,512
7,07,0,0,49.5625,512
7,135,0,0,0.0351562,512
7,523,0,0,57.0195,512
7,346,0,0,0.0410156,512
7,116,0,17,0.785156,512
7,449,15,0,63.998,512
7,211,0,40,0.925781,512
7,454,28,0,58.2246,512
7,219,0,0,-1.875,512
7,354,17,0,63.998,512
7,420,0,0,0.0449219,512
7,281,47,0,63.998,512
7,232,0,3,2.30469,256
7,335,0,0,0.244141,512
7,162,1,0,63.998,512
7,317,14,0,63.2852,512
7,199,0,0,0.0371094,512
7,95,0,0,0.046875,512
7,566,2,0,63.5703,512
7,283,0,0,-4.5625,512
7,230,0,0,0.0371094,512
7,310,3,0,63.998,512
7,489,0,18,0.90625,512
7,205,0,15,0.898438,512
7,137,0,2,2.11719,256
7,428,6,0,63.998,512
7,103,0,0,0.0449219,512
7,515,0,0,0.0605469,512
7,264,43,0,63.2422,512
7,236,21,0,63.998,512
7,148,43,0,63.582,512
7,521,14,0,63.998,512
7,312,14,0,63.998,512
7,447,3,0,63.998,512
7,470,19,0,63.998,512
7,166,0,0,-0.191406,512
7,338,0,0,63.998,512
7,03,5,0,63.998,512
8,564,0,1,63.998,512
8,01,0,0,63.998,512
8,81,0,3,2.625,256
8,348,0,2,2.48047,256
8,87,0,0,0.046875,512
8,507,37,0,47.7188,512
8,215,6,0,63.998,512
8,71,0,0,63.998,512
8,557,0,0,0.0507812,512
8,395,0,23,0.736328,512
8,222,63,0,62.2852,512
8,44,0,0,-2.96289,512
8,412,0,0,63.998,512
8,59,18,0,63.8789,512
8,500,0,0,45.6523,512
8,56,0,0,-0.146484,512
8,504,0,0,-16.3027,512
8,294,0,0,0.0332031,512
8,251,0,0,0.0332031,512
8,441,0,0,0.0566406,512
8,579,0,0,0.0429688,512
8,472,0,0,-0.470703,512
8,464,0,2,2.96094,256
8,468,0,0,54.4141,512
8,485,0,1,3.10156,256
8,409,0,0,0.619141,512
8,325,0,0,0.0390625,512
8,585,0,42,0.982422,512
8,374,3,0,63.998,512
8,105,0,2,2.45703,256
8,124,0,0,-4.01367,512
8,359,30,0,61.3145,512
8,286,68,0,59.3301,512
8,369,0,0,2.51562,256
8,378,0,0,-1.06055,512
8,422,0,3,3.25,256
8,68,0,0,0.443359,512
8,89,0,1,3.0,256
8,296,0,5,1.96875,256
8,66,3,0,63.998,512
8,542,0,0,63.998,512
8,201,0,2,2.08984,256
8,30,10,0,63.998,512
8,127,67,0,60.0117,512
8,517,0,3,2.32812,256
8,525,0,0,-9.32031,512
8,571,0,0,63.998,512
8,186,40,0,63.998,512
8,141,14,0,63.998,512
8,191,59,0,56.2812,512
8,279,7,0,63.998,512
8,581,0,2,2.75,256
8,403,0,0,11.2266,512
8,376,51,0,63.998,512
8,156,0,0,0.0390625,512
8,462,0,0,0.0488281,512
8,306,0,43,0.75,512
8,177,0,0,0.0371094,512
8,253,0,3,2.125,256
8,544,3,0,63.998,512
8,430,0,0,0.53125,512
8,42,7,0,63.998,512
8,213,0,0,10.5488,512
8,272,0,0,0.0351562,512
8,118,0,1,14.5312,512
8,536,0,0,0.046875,512
8,79,0,0,0.0429688,512
8,240,0,0,0.431641,512
8,356,0,0,-2.71094,512
8,261,0,0,0.232422,512
8,32,0,0,-6.81445,512
8,549,7,0,47.1211,512
8,143,49,0,63.998,512
8,179,0,3,2.375,256
8,327,0,4,2.47656,256
8,164,32,0,63.998,512
8,238,76,0,63.998,512
8,496,0,29,0.816406,512
8,559,0,1,2.39453,256
8,243,0,0,63.998,512
8,451,0,0,-3.37109,512
8,389,0,0,0.0371094,512
8,314,0,0,-0.628906,512
8,352,6,0,63.998,512
8,188,0,0,-7.74219,512
8,433,0,0,63.998,512
8,257,13,0,63.998,512
8,483,0,0,0.0488281,512
8,502,19,0,63.998,512
8,259,78,0,63.998,512
8,593,0,1,3.63672,512
8,145,0,0,-1.02344,512
8,426,0,0,63.998,512
8,401,0,74,0.691406,512
8,217,52,0,63.998,512
8,169,0,0,63.998,512
8,475,8,0,63.5547,512
8,158,0,11,2.46094,256
8,120,3,0,63.998,512
8,407,3,1,63.998,512
8,443,0,2,3.625,256
8,568,0,0,2.58398,512
8,35,19,0,57.209,512
8,528,28,0,54.7031,512
8,300,0,15,0.921875,512
8,274,0,4,2.25,256
8,591,0,68,0.253906,512
8,381,53,0,62.9648,512
8,538,0,6,2.5625,256
8,308,0,0,6.49414,512
8,498,0,2,13.8594,512
8,05,0,1,53.2188,512
8,109,0,13,0.921875,512
8,546,0,0,-16.9004,512
8,333,21,0,63.998,512
8,405,0,0,63.998,512
8,391,0,5,2.33594,256
8,331,8,0,63.998,512
8,47,10,0,61.0625,512
8,54,18,1,63.998,512
8,97,0,4,2.99609,256
8,367,0,0,0.0410156,512
8,184,0,0,63.998,512
8,122,49,0,63.998,512
8,07,0,0,49.2363,512
8,135,0,0,0.0332031,512
8,523,21,0,63.998,512
8,346,0,0,0.0390625,512
8,116,0,17,0.849609,512
8,449,4,0,63.998,512
8,211,0,39,0.90625,512
8,454,4,0,60.6543,512
8,219,0,0,-1.74023,512
8,354,25,0,63.998,512
8,420,0,0,0.0507812,512
8,281,49,0,63.998,512
8,232,0,2,2.06641,256
8,335,0,0,-0.529297,512
8,162,1,0,63.998,512
8,317,18,0,63.3965,512
8,199,0,0,0.0371094,512
8,95,0,0,0.046875,512
8,566,34,0,63.998,512
8,283,0,0,-4.69336,512
8,230,0,0,0.0332031,512
8,310,2,0,63.998,512
8,489,0,21,0.826172,512
8,205,0,12,0.896484,512
8,137,0,2,1.99219,256
8,428,3,0,63.998,512
8,103,0,0,0.0429688,512
8,515,0,0,0.0488281,512
8,264,0,0,63.998,512
8,236,14,0,63.998,512
8,148,50,0,63.002,512
8,521,15,0,63.998,512
8,312,18,0,63.998,512
8,447,2,0,57.4102,512
8,470,7,0,63.998,512
8,166,0,0,0.623047,512
8,338,21,0,63.4961,512
8,03,6,0,63.998,512
9,564,0,0,62.7754,512
9,01,2,0,63.998,512
9,81,0,4,2.5,256
9,348,0,3,2.62109,256
9,87,0,0,0.0449219,512
9,507,0,0,59.0078,512
9,215,2,0,63.998,512
9,71,0,0,63.998,512
9,557,0,0,0.0585938,512
9,395,0,25,0.767578,512
9,222,35,0,61.627,512
9,44,0,0,-3.05664,512
9,412,14,0,62.3984,512
9,59,29,0,63.7676,512
9,500,0,0,44.7344,512
9,56,0,0,-0.257812,512
9,504,0,0,3.89062,512
9,294,0,0,0.0351562,512
9,251,0,0,0.0371094,512
9,441,0,0,0.0507812,512
9,579,0,0,0.0546875,512
9,472,0,0,-0.773438,512
9,464,0,4,2.4375,256
9,468,0,0,63.998,512
9,485,0,2,2.71875,256
9,409,0,0,-1.62695,512
9,325,0,0,0.0429688,512
9,585,0,21,0.890625,512
9,374,3,1,63.998,512
9,105,0,1,2.33203,256
9,124,0,0,-4.33398,512
9,359,35,0,63.7754,512
9,286,60,0,59.0137,512
9,369,0,3,2.61719,256
9,378,0,0,-0.0195312,512
9,422,0,5,2.67969,256
9,68,0,0,0.265625,512
9,89,0,2,2.875,256
9,296,0,2,2.07422,256
9,66,1,0,63.998,512
9,542,1,0,38.1328,512
9,201,0,2,2.04297,256
9,30,20,0,63.998,512
9,127,44,0,59.6914,512
9,517,0,4,3.45703,256
9,525,0,0,-0.605469,512
9,571,0,0,63.998,512
9,186,38,0,63.998,512
9,141,11,0,63.998,512
9,191,62,0,55.0254,512
9,279,1,0,63.998,512
9,581,0,6,3.5,256
9,403,0,0,13.4746,512
9,376,22,0,63.998,512
9,156,0,0,0.0410156,512
9,462,0,0,0.0429688,512
9,306,0,48,0.710938,512
9,177,0,0,0.0371094,512
9,253,0,4,2.375,256
9,544,5,0,54.4551,512
9,430,0,0,0.902344,512
9,42,17,0,63.998,512
9,213,0,1,13.1699,512
9,272,0,0,0.0371094,512
9,118,0,1,15.9492,512
9,536,0,0,0.0566406,512
9,79,0,0,0.0410156,512
9,240,0,0,0.658203,512
9,356,0,0,-0.25,512
9,261,0,0,-0.185547,512
9,32,0,0,-7.21289,512
9,549,0,0,58.8262,512
9,143,30,0,63.998,512
9,179,0,7,2.375,256
9,327,0,1,2.75,256
9,164,26,0,63.998,512
9,238,48,0,63.998,512
9,496,0,46,0.791016,512
9,559,0,5,3.44531,256
9,243,0,0,63.998,512
9,451,0,0,-7.29688,512
9,389,0,0,0.0390625,512
9,314,0,0,0.148438,512
9,352,19,0,63.998,512
9,188,0,0,-8.99805,512
9,433,0,0,63.998,512
9,257,8,0,63.998,512
9,483,0,0,0.0429688,512
9,502,3,0,55.0918,512
9,259,62,0,63.998,512
9,593,0,0,3.59375,512
9,145,0,0,-1.18555,512
9,426,4,0,63.998,512
9,401,0,67,0.839844,512
9,217,29,1,63.998,512
9,169,0,0,63.998,512
9,475,12,0,63.252,512
9,158,0,0,2.57812,256
9,120,4,0,63.998,512
9,407,12,0,63.998,512
9,443,0,2,3.25,256
9,568,0,0,4.60547,512
9,35,41,0,56.8105,512
9,528,1,0,55.4648,512
9,300,0,22,0.880859,512
9,274,0,3,2.36719,256
9,591,0,108,0.900391,512
9,381,22,0,63.998,512
9,538,0,3,3.14062,256
9,308,0,0,7.47461,512
9,498,0,0,8.69727,512
9,05,0,0,54.3652,512
9,109,0,19,0.949219,512
9,546,0,0,4.3457,512
9,333,15,0,63.998,512
9,405,0,0,63.998,512
9,391,0,2,2.5,256
9,331,7,0,63.998,512
9,47,25,0,60.9688,512
9,54,29,0,63.998,512
9,97,0,4,2.73828,256
9,367,0,0,0.0410156,512
9,184,1,0,63.998,512
9,122,33,0,63.998,512
9,07,0,0,63.3379,512
9,135,0,0,0.0351562,512
9,523,1,0,56.0449,512
9,346,0,0,0.0410156,512
9,116,0,18,0.759766,512
9,449,16,0,63.998,512
9,211,0,29,0.919922,512
9,454,29,0,56.7266,512
9,219,0,0,-2.39844,512
9,354,35,0,63.998,512
9,420,0,0,0.0429688,512
9,281,50,0,63.998,512
9,232,0,1,2.16797,256
9,335,0,0,-0.162109,512
9,162,0,0,63.998,512
9,317,0,0,63.998,512
9,199,0,0,0.0371094,512
9,95,0,0,0.0429688,512
9,566,1,0,63.998,512
9,283,0,0,-5.00977,512
9,230,0,0,0.0351562,512
9,310,1,0,63.998,512
9,489,0,26,0.916016,512
9,205,0,12,0.935547,512
9,137,0,4,2.09766,256
9,428,9,0,63.998,512
9,103,0,0,0.0410156,512
9,515,0,0,0.0585938,512
9,264,62,0,63.8398,512
9,236,9,0,63.998,512
9,148,33,0,62.8398,512
9,521,15,0,63.998,512
9,312,18,0,63.998,512
9,447,2,0,63.998,512
9,470,11,0,63.998,512
9,166,0,0,1.5957,512
9,338,16,0,63.8633,512
9,03,7,0,63.998,512
10,564,0,0,63.998,512
10,01,0,0,63.998,512
10,81,0,3,2.5,256
10,348,0,5,2.5,256
10,87,0,0,0.046875,512
10,507,7,0,51.998,512
10,215,9,0,63.998,512
10,71,0,0,63.998,512
10,557,0,0,0.0527344,512
10,395,0,25,0.734375,512
10,222,41,0,61.1895,512
10,44,0,0,-3.10742,512
10,412,0,0,63.998,512
10,59,25,0,63.709,512
10,500,0,0,48.3184,512
10,56,0,0,-0.316406,512
10,504,0,0,-12.0254,512
10,294,0,0,0.0351562,512
10,251,0,0,0.0371094,512
10,441,0,0,0.0488281,512
10,579,0,0,0.0488281,512
10,472,0,0,-0.189453,512
10,464,0,4,2.74219,256
10,468,0,0,63.998,512
10,485,0,5,2.86719,256
10,409,0,0,0.835938,512
10,325,0,0,0.0390625,512
10,585,0,39,0.992188,512
10,374,2,0,63.998,512
10,105,0,6,2.29297,256
10,124,0,0,-4.31641,512
10,359,38,0,62.4961,512
10,286,57,0,58.332,512
10,369,0,2,2.44141,256
10,378,0,0,-0.703125,512
10,422,0,3,2.875,256
10,68,0,0,0.476562,512
10,89,0,1,3.0,256
10,296,0,2,2.05078,256
10,66,3,1,63.998,512
10,542,0,0,63.998,512
10,201,0,6,2.16797,256
10,30,26,0,63.998,512
10,127,29,0,59.709,512
10,517,0,3,3.14844,256
10,525,0,0,-6.40039,512
10,571,0,0,63.998,512
10,186,24,0,63.998,512
10,141,7,0,63.998,512
10,191,39,0,55.5156,512
10,279,2,0,63.998,512
10,581,0,7,3.125,256
10,403,0,0,12.7031,512
10,376,31,0,63.998,512
10,156,0,0,0.0449219,512
10,462,0,0,0.0449219,512
10,306,0,52,0.726562,512
10,177,0,0,0.0429688,512
10,253,0,3,2.375,256
10,544,2,0,63.998,512
10,430,0,0,0.6875,512
10,42,8,0,63.998,512
10,213,0,0,16.5898,512
10,272,0,0,0.0351562,512
10,118,0,0,14.3809,512
10,536,0,0,0.0566406,512
10,79,0,0,0.0410156,512
10,240,0,0,0.478516,512
10,356,0,0,-1.5293,512
10,261,0,0,0.945312,512
10,32,0,0,-8.08789,512
10,549,8,0,55.8223,512
10,143,27,0,63.998,512
10,179,0,5,2.75,256
10,327,0,2,2.49219,256
10,164,18,0,63.998,512
10,238,44,1,63.998,512
10,496,0,47,0.646484,512
10,559,0,5,2.94531,256
10,243,0,0,63.998,512
10,451,0,0,-2.97461,512
10,389,0,0,0.0371094,512
10,314,0,0,-0.210938,512
10,352,11,0,63.998,512
10,188,0,0,-8.50781,512
10,433,0,0,63.998,512
10,257,14,0,63.998,512
10,483,0,0,0.0449219,512
10,502,3,0,63.998,512
10,259,86,0,63.998,512
10,593,0,0,1.94336,512
10,145,0,0,-0.847656,512
10,426,4,1,63.998,512
10,401,0,67,0.730469,512
10,217,36,0,63.998,512
10,169,0,0,63.998,512
10,475,10,0,63.8359,512
10,158,0,4,2.83984,256
10,120,2,0,63.998,512
10,407,7,0,63.998,512
10,443,0,1,3.125,256
10,568,0,0,0.800781,512
10,35,46,0,55.9355,512
10,528,15,0,57.623,512
10,300,0,21,0.853516,512
10,274,0,0,2.25,256
10,591,0,90,0.322266,512
10,381,31,0,63.3223,512
10,538,0,3,3.26562,256
10,308,0,0,6.64844,512
10,498,0,0,9.64844,512
10,05,0,0,56.7969,512
10,109,0,21,0.923828,512
10,546,0,0,-8.20117,512
10,333,30,0,63.998,512
10,405,0,0,63.998,512
10,391,0,3,2.35156,256
10,331,8,0,63.998,512
10,47,15,1,60.918,512
10,54,25,0,63.998,512
10,97,0,3,2.98828,256
10,367,0,0,0.0390625,512
10,184,0,0,63.998,512
10,122,20,0,63.998,512
10,07,0,0,55.6992,512
10,135,0,0,0.0371094,512
10,523,15,0,63.998,512
10,346,0,0,0.0390625,512
10,116,0,13,0.898438,512
10,449,12,0,63.998,512
10,211,0,36,0.929688,512
10,454,14,0,61.0508,512
10,219,0,0,-2.83594,512
10,354,34,0,63.998,512
10,420,0,0,0.0449219,512
10,281,38,0,63.998,512
10,232,0,2,2.26953,256
10,335,0,0,-0.0546875,512
10,162,0,0,63.998,512
10,317,29,0,63.8145,512
10,199,0,0,0.0390625,512
10,95,0,0,0.046875,512
10,566,7,0,63.998,512
10,283,0,0,-5.69141,512
10,230,0,0,0.0371094,512
10,310,4,0,63.998,512
10,489,0,20,0.736328,512
10,205,0,14,0.943359,512
10,137,0,4,2.21484,256
10,428,10,0,63.998,512
10,103,0,0,0.0410156,512
10,515,0,0,0.0605469,512
10,264,0,0,63.998,512
10,236,10,0,63.998,512
10,148,27,0,63.1777,512
10,521,15,0,63.998,512
10,312,29,0,63.998,512
10,447,1,0,53.8066,512
10,470,10,0,63.998,512
10,166,0,0,1.13672,512
10,338,30,0,63.9707,512
10,03,3,0,63.998,512
11,564,0,0,52.2266,512
11,01,0,0,63.998,512
11,81,0,6,2.50781,256
11,348,0,0,2.375,256
11,87,0,0,0.046875,512
11,507,0,0,51.9316,512
11,215,0,0,63.998,512
11,71,5,0,63.8633,512
11,557,0,0,0.0644531,512
11,395,0,31,0.859375,512
11,222,30,0,61.5176,512
11,44,0,0,-2.88086,512
11,412,0,0,63.998,512
11,59,27,0,63.8008,512
11,500,0,0,45.1562,512
11,56,0,0,-0.224609,512
11,504,0,0,-0.650391,512
11,294,0,0,0.0351562,512
11,251,0,0,0.0410156,512
11,441,0,0,0.046875,512
11,579,0,0,0.0566406,512
11,472,0,0,0.314453,512
11,464,0,3,2.60156,256
11,468,3,0,63.998,512
11,485,0,2,2.625,256
11,409,0,0,1.00781,512
11,325,0,0,0.0390625,512
11,585,0,31,0.998047,512
11,374,5,1,63.998,512
11,105,0,3,2.33984,256
11,124,0,0,-4.66406,512
11,359,0,0,63.998,512
11,286,47,0,58.3926,512
11,369,0,2,2.375,256
11,378,0,0,-1.35742,512
11,422,0,0,2.75,256
11,68,0,0,-0.162109,512
11,89,0,7,2.99219,256
11,296,0,3,2.05469,256
11,66,5,0,63.998,512
11,542,0,0,51.8379,512
11,201,0,6,2.01562,256
11,30,24,0,63.998,512
11,127,50,0,59.3594,512
11,517,0,3,3.55078,256
11,525,0,0,-5.02539,512
11,571,0,0,63.998,512
11,186,42,0,63.998,512
11,141,6,0,63.998,512
11,191,72,0,54.3477,512
11,279,3,0,63.998,512
11,581,0,5,3.625,256
11,403,0,0,15.5254,512
11,376,42,0,63.998,512
11,156,0,0,0.0429688,512
11,462,0,0,0.0429688,512
11,306,0,55,0.792969,512
11,177,0,0,0.0390625,512
11,253,0,3,2.625,256
11,544,0,0,60.832,512
11,430,0,0,0.990234,512
11,42,10,0,63.998,512
11,213,0,0,16.7637,512
11,272,0,0,0.0371094,512
11,118,0,1,15.5254,512
11,536,0,0,0.0605469,512
11,79,0,0,0.0410156,512
11,240,0,0,0.417969,512
11,356,0,0,0.179688,512
11,261,0,0,0.902344,512
11,32,0,0,-6.98047,512
11,549,0,0,57.5957,512
11,143,41,0,63.998,512
11,179,0,3,2.5,256
11,327,0,1,2.48828,256
11,164,28,0,63.998,512
11,238,23,1,63.998,512
11,496,0,40,0.808594,512
11,559,0,2,3.71094,256
11,243,0,0,63.998,512
11,451,0,0,-3.45312,512
11,389,0,0,0.0351562,512
11,314,0,0,-0.320312,512
11,352,25,0,63.998,512
11,188,0,0,-9.67578,512
11,433,0,0,63.998,512
11,257,7,1,63.998,512
11,483,0,0,0.0410156,512
11,502,0,0,52.5566,512
11,259,56,0,63.998,512
11,593,0,1,3.96289,512
11,145,0,0,-0.765625,512
11,426,6,2,63.998,512
11,401,0,64,0.748047,512
11,217,25,0,63.998,512
11,169,0,0,63.998,512
11,475,0,0,63.998,512
11,158,0,2,2.71875,256
11,120,0,0,63.998,512
11,407,9,0,63.998,512
11,443,0,7,3.0,256
11,568,0,0,4.92578,512
11,35,34,0,57.043,512
11,528,15,0,58.998,512
11,300,0,14,0.892578,512
11,274,0,1,2.375,256
11,591,0,90,0.496094,512
11,381,46,0,62.668,512
11,538,0,4,3.57031,256
11,308,0,0,9.21875,512
11,498,0,1,10.2656,512
11,05,0,0,54.5137,512
11,109,0,23,0.955078,512
11,546,0,0,-3.26172,512
11,333,34,0,63.998,512
11,405,0,0,63.998,512
11,391,0,4,2.20312,256
11,331,9,0,63.998,512
11,47,11,0,61.1445,512
11,54,27,0,63.998,512
11,97,0,4,2.86719,256
11,367,0,0,0.0371094,512
11,184,0,0,63.998,512
11,122,35,1,63.998,512
11,07,0,0,63.998,512
11,135,0,0,0.0351562,512
11,523,15,0,63.998,512
11,346,0,0,0.0371094,512
11,116,0,12,0.847656,512
11,449,14,0,63.998,512
11,211,0,39,0.892578,512
11,454,22,0,60.5723,512
11,219,0,0,-2.50781,512
11,354,45,1,63.998,512
11,420,0,0,0.0429688,512
11,281,32,0,63.998,512
11,232,0,3,2.40234,256
11,335,0,0,0.869141,512
11,162,0,0,63.998,512
11,317,30,0,63.7051,512
11,199,0,0,0.0371094,512
11,95,0,0,0.0449219,512
11,566,0,0,63.998,512
11,283,0,0,-5.63086,512
11,230,0,0,0.0390625,512
11,310,8,0,63.998,512
11,489,0,24,0.910156,512
11,205,0,10,0.931641,512
11,137,0,1,2.08594,256
11,428,14,1,63.998,512
11,103,0,0,0.0410156,512
11,515,0,0,0.0683594,512
11,264,0,0,63.998,512
11,236,9,1,63.998,512
11,148,42,0,63.2598,512
11,521,15,0,63.998,512
11,312,29,0,63.998,512
11,447,10,0,63.998,512
11,470,33,0,63.998,512
11,166,0,0,0.835938,512
11,338,0,0,63.998,512
11,03,3,0,63.998,512
12,564,0,0,63.998,512
12,01,0,0,63.998,512
12,81,0,4,2.48828,256
12,348,0,2,2.5,256
12,87,0,0,0.0449219,512
12,507,19,0,50.6348,512
12,215,9,0,63.998,512
12,71,3,0,63.502,512
12,557,0,0,0.0488281,512
12,395,0,28,0.837891,512
12,222,32,0,61.5508,512
12,44,0,0,-3.38672,512
12,412,0,0,63.998,512
12,59,28,0,63.8555,512
12,500,0,0,49.1523,512
12,56,0,0,-0.169922,512
12,504,0,0,-13.3887,512
12,294,0,0,0.0371094,512
12,251,0,0,0.0410156,512
12,441,0,0,0.0507812,512
12,579,0,0,0.0429688,512
12,472,0,0,0.880859,512
12,464,0,8,2.54688,256
12,468,0,0,63.998,512
12,485,0,1,2.75,256
12,409,0,0,3.70703,512
12,325,0,0,0.0390625,512
12,585,0,39,0.986328,512
12,374,4,0,63.998,512
12,105,0,1,2.23438,256
12,124,0,0,-4.49219,512
12,359,41,0,60.9375,512
12,286,42,0,58.3965,512
12,369,0,5,2.37891,256
12,378,0,0,-1.94336,512
12,422,0,4,2.875,256
12,68,0,0,-0.523438,512
12,89,0,3,2.85156,256
12,296,0,1,2.16797,256
12,66,3,0,63.998,512
12,542,0,1,63.998,512
12,201,0,3,2.05469,256
12,30,24,0,63.998,512
12,127,40,0,59.5312,512
12,517,0,3,2.47266,256
12,525,0,0,-7.33789,512
12,571,28,0,59.9277,512
12,186,43,0,63.998,512
12,141,9,0,63.998,512
12,191,54,0,55.3496,512
12,279,1,0,63.998,512
12,581,0,3,2.57422,256
12,403,0,0,11.5898,512
12,376,40,0,63.998,512
12,156,0,0,0.0390625,512
12,462,0,0,0.0429688,512
12,306,0,49,0.830078,512
12,177,0,0,0.0390625,512
12,253,0,2,2.625,256
12,544,2,0,63.998,512
12,430,0,0,0.669922,512
12,42,15,0,63.998,512
12,213,0,0,17.3125,512
12,272,0,0,0.0371094,512
12,118,0,1,15.4258,512
12,536,0,0,0.0527344,512
12,79,0,0,0.0410156,512
12,240,0,0,0.699219,512
12,356,0,0,-3.08789,512
12,261,0,0,0.433594,512
12,32,0,0,-6.7832,512
12,549,5,0,50.6992,512
12,143,37,0,63.998,512
12,179,0,1,2.49609,256
12,327,0,2,2.48047,256
12,164,15,0,63.998,512
12,238,28,0,63.998,512
12,496,0,34,0.791016,512
12,559,0,4,2.47656,256
12,243,0,0,63.998,512
12,451,0,0,-4.71289,512
12,389,0,0,0.0351562,512
12,314,0,0,-0.539062,512
12,352,6,0,63.998,512
12,188,0,0,-8.67383,512
12,433,0,0,63.998,512
12,257,8,0,63.998,512
12,483,0,0,0.0429688,512
12,502,12,0,63.998,512
12,259,43,0,63.998,512
12,593,0,2,2.54492,512
12,145,0,0,-0.744141,512
12,426,1,0,63.998,512
12,401,0,76,0.707031,512
12,217,26,0,63.998,512
12,169,15,0,63.9355,512
12,475,0,0,63.998,512
12,158,0,6,2.47266,256
12,120,0,0,63.998,512
12,407,10,0,63.998,512
12,443,0,2,3.25,256
12,568,0,0,-4.09766,512
12,35,36,0,57.2402,512
12,528,20,0,56.6855,512
12,300,0,17,0.890625,512
12,274,0,1,2.375,256
12,591,0,61,0.3125,512
12,381,45,0,62.082,512
12,538,0,4,2.98828,256
12,308,0,0,11.0469,512
12,498,0,1,9.34766,512
12,05,0,0,63.9805,512
12,109,0,22,0.890625,512
12,546,0,0,-13.3242,512
12,333,31,1,63.998,512
12,405,1,0,63.998,512
12,391,0,3,2.18359,256
12,331,9,0,63.998,512
12,47,16,0,60.6387,512
12,54,28,0,63.998,512
12,97,0,1,2.74219,256
12,367,0,0,0.0390625,512
12,184,0,0,63.998,512
12,122,34,0,63.998,512
12,07,0,1,63.998,512
12,135,0,0,0.0351562,512
12,523,18,0,63.998,512
12,346,0,0,0.0390625,512
12,116,0,26,0.759766,512
12,449,14,0,63.998,512
12,211,0,30,0.896484,512
12,454,18,1,59.3105,512
12,219,0,0,-2.47461,512
12,354,34,0,63.998,512
12,420,0,0,0.0449219,512
12,281,31,0,63.998,512
12,232,0,1,2.28516,256
12,335,0,0,0.458984,512
12,162,1,0,63.998,512
12,317,26,0,63.4863,512
12,199,0,0,0.0371094,512
12,95,0,0,0.0429688,512
12,566,23,0,63.998,512
12,283,0,0,-5.62695,512
12,230,0,0,0.0371094,512
12,310,3,0,63.998,512
12,489,0,28,0.753906,512
12,205,0,14,0.896484,512
12,137,0,3,2.09375,256
12,428,7,0,63.998,512
12,103,0,0,0.0390625,512
12,515,0,0,0.0488281,512
12,264,0,0,63.998,512
12,236,9,0,63.998,512
12,148,38,1,63.2812,512
12,521,15,0,63.998,512
12,312,25,0,63.998,512
12,447,0,0,63.998,512
12,470,14,0,63.998,512
12,166,0,0,-0.0898438,512
12,338,0,0,63.998,512
12,03,4,0,63.998,512
13,564,0,0,63.998,512
13,01,2,0,63.998,512
13,81,0,2,2.48438,256
13,348,0,1,2.74609,256
13,87,0,0,0.0449219,512
13,507,1,0,61.4297,512
13,215,2,0,63.998,512
13,71,0,0,63.998,512
13,557,0,0,0.0585938,512
13,395,0,23,0.818359,512
13,222,31,0,61.7285,512
13,44,0,0,-3.46289,512
13,412,9,0,62.8555,512
13,59,21,0,63.6875,512
13,500,0,0,48.2852,512
13,56,0,0,-0.337891,512
13,504,0,0,-1.89453,512
13,294,0,0,0.0351562,512
13,251,0,0,0.0371094,512
13,441,0,0,0.0507812,512
13,579,0,0,0.0566406,512
13,472,0,0,-1.78906,512
13,464,0,1,2.42188,256
13,468,0,0,63.998,512
13,485,0,5,2.55078,256
13,409,0,0,-1.16992,512
13,325,0,0,0.0390625,512
13,585,0,41,1.0,512
13,374,5,0,63.998,512
13,105,0,2,2.36719,256
13,124,0,0,-3.89453,512
13,359,37,0,63.1211,512
13,286,62,0,58.8457,512
13,369,0,7,2.46484,256
13,378,0,0,-1.51367,512
13,422,0,2,2.82422,256
13,68,0,0,0.443359,512
13,89,0,4,2.875,256
13,296,0,3,2.07031,256
13,66,7,0,63.998,512
13,542,0,1,63.998,512
13,201,0,3,1.94531,256
13,30,12,0,63.998,512
13,127,68,0,60.1309,512
13,517,0,6,3.83984,256
13,525,0,0,-4.19727,512
13,571,0,1,63.998,512
13,186,49,1,63.998,512
13,141,16,0,63.998,512
13,191,68,0,55.3164,512
13,279,0,0,63.998,512
13,581,0,2,3.625,256
13,403,0,0,14.8398,512
13,376,45,0,63.998,512
13,156,0,0,0.0332031,512
13,462,0,0,0.0410156,512
13,306,0,64,0.882812,512
13,177,0,0,0.0390625,512
13,253,0,0,2.375,256
13,544,0,0,63.998,512
13,430,0,0,0.794922,512
13,42,13,0,63.998,512
13,213,0,0,15.9082,512
13,272,0,0,0.0371094,512
13,118,0,0,10.8652,512
13,536,0,0,0.0625,512
13,79,0,0,0.0410156,512
13,240,0,0,0.738281,512
13,356,0,0,-0.904297,512
13,261,0,0,1.24414,512
13,32,0,0,-6.26953,512
13,549,0,0,62.0137,512
13,143,81,0,63.998,512
13,179,0,3,2.5,256
13,327,0,4,2.49219,256
13,164,29,0,63.998,512
13,238,43,0,63.998,512
13,496,0,29,0.697266,512
13,559,0,5,3.63281,256
13,243,0,0,63.998,512
13,451,0,0,-4.94922,512
13,389,0,0,0.0371094,512
13,314,0,0,-0.257812,512
13,352,18,0,63.998,512
13,188,0,0,-8.70703,512
13,433,0,0,63.998,512
13,257,5,0,63.998,512
13,483,0,0,0.0410156,512
13,502,0,1,63.2969,512
13,259,49,0,63.998,512
13,593,0,0,3.76367,512
13,145,0,0,-0.662109,512
13,426,4,0,63.998,512
13,401,0,58,0.685547,512
13,217,25,0,63.998,512
13,169,0,0,63.998,512
13,475,14,0,62.2363,512
13,158,0,4,2.10547,256
13,120,3,0,63.998,512
13,407,8,0,63.998,512
13,443,0,7,3.25,256
13,568,0,0,3.33984,512
13,35,21,0,57.7539,512
13,528,15,0,59.8281,512
13,300,0,13,0.886719,512
13,274,0,3,2.375,256
13,591,0,71,0.507812,512
13,381,45,1,62.5117,512
13,538,0,3,3.73828,256
13,308,0,0,10.5801,512
13,498,0,1,10.6836,512
13,05,0,0,56.709,512
13,109,0,15,0.951172,512
13,546,0,0,-2.01172,512
13,333,22,0,63.998,512
13,405,0,0,63.998,512
13,391,0,3,2.32031,256
13,331,6,0,63.998,512
13,47,18,0,60.5625,512
13,54,21,0,63.998,512
13,97,0,1,2.73828,256
13,367,0,0,0.0390625,512
13,184,0,0,63.998,512
13,122,51,0,63.998,512
13,07,0,1,57.543,512
13,135,0,0,0.0332031,512
13,523,15,0,63.998,512
13,346,0,0,0.0429688,512
13,116,0,23,0.794922,512
13,449,10,0,63.998,512
13,211,0,46,0.876953,512
13,454,18,0,59.0742,512
13,219,0,0,-2.29688,512
13,354,33,0,63.998,512
13,420,0,0,0.0449219,512
13,281,48,0,63.998,512
13,232,0,1,2.28906,256
13,335,0,0,-0.101562,512
13,162,1,0,63.998,512
13,317,32,0,63.7676,512
13,199,0,0,0.0351562,512
13,95,0,0,0.0429688,512
13,566,3,0,63.998,512
13,283,0,0,-5.17773,512
13,230,0,0,0.0371094,512
13,310,3,0,63.998,512
13,489,0,22,0.804688,512
13,205,0,18,0.941406,512
13,137,0,2,1.99609,256
13,428,13,0,63.998,512
13,103,0,0,0.0410156,512
13,515,0,0,0.0625,512
13,264,0,0,63.998,512
13,236,13,0,63.998,512
13,148,84,0,63.3633,512
13,521,14,0,63.998,512
13,312,31,0,63.998,512
13,447,5,0,59.5098,512
13,470,11,0,63.998,512
13,166,0,0,0.955078,512
13,338,22,0,63.9238,512
13,03,3,0,63.998,512
14,564,0,0,63.998,512
14,01,1,1,63.998,512
14,81,0,1,2.5,256
14,348,0,1,2.75,256
14,87,0,0,0.0429688,512
14,507,18,0,50.5176,512
14,215,2,0,63.998,512
14,71,0,0,63.998,512
14,557,0,0,0.0488281,512
14,395,0,29,0.820312,512
14,222,27,0,61.8926,512
14,44,0,0,-3.10156,512
14,412,0,0,63.998,512
14,59,24,0,63.6348,512
14,500,0,0,46.7715,512
14,56,0,0,-0.390625,512
14,504,0,0,-13.5059,512
14,294,0,0,0.0351562,512
14,251,0,0,0.0371094,512
14,441,0,0,0.0527344,512
14,579,0,0,0.0429688,512
14,472,0,0,-1.27148,512
14,464,0,2,2.31641,256
14,468,0,0,57.7598,512
14,485,0,5,2.69531,256
14,409,0,0,0.242188,512
14,325,0,0,0.0429688,512
14,585,0,45,0.986328,512
14,374,4,0,59.1074,512
14,105,0,1,2.34375,256
14,124,0,0,-4.0293,512
14,359,22,0,62.834,512
14,286,66,0,58.2852,512
14,369,0,2,2.45312,256
14,378,0,0,-2.16797,512
14,422,0,1,3.0,256
14,68,0,0,0.814453,512
14,89,0,3,2.75,256
14,296,0,1,2.05078,256
14,66,7,0,63.998,512
14,542,1,0,59.2402,512
14,201,0,3,1.94922,256
14,30,17,0,63.998,512
14,127,42,0,59.9961,512
14,517,0,1,2.56641,256
14,525,0,0,-7.03125,512
14,571,31,0,62.6523,512
14,186,49,0,63.998,512
14,141,8,0,63.998,512
14,191,69,0,55.4941,512
14,279,1,0,63.998,512
14,581,0,2,2.69141,256
14,403,0,0,10.0605,512
14,376,51,0,63.998,512
14,156,0,0,0.0371094,512
14,462,0,0,0.0390625,512
14,306,0,66,0.902344,512
14,177,0,0,0.0390625,512
14,253,0,1,2.375,256
14,544,6,0,63.998,512
14,430,0,0,0.3125,512
14,42,9,0,63.998,512
14,213,0,0,12.7129,512
14,272,0,0,0.0371094,512
14,118,0,0,5.89844,512
14,536,0,0,0.0527344,512
14,79,0,0,0.0410156,512
14,240,0,0,0.244141,512
14,356,0,0,-1.19141,512
14,261,0,0,0.505859,512
14,32,0,0,-6.85938,512
14,549,9,0,53.0566,512
14,143,62,0,63.998,512
14,179,0,2,2.5,256
14,327,0,3,2.71875,256
14,164,29,1,63.998,512
14,238,40,0,63.998,512
14,496,0,35,0.787109,512
14,559,0,1,2.58984,256
14,243,0,0,63.998,512
14,451,0,0,-4.76172,512
14,389,0,0,0.0371094,512
14,314,0,0,-0.761719,512
14,352,10,0,63.998,512
14,188,0,0,-8.5293,512
14,433,0,0,63.998,512
14,257,3,0,63.998,512
14,483,0,0,0.0429688,512
14,502,9,0,63.998,512
14,259,44,0,63.998,512
14,593,0,0,2.72266,512
14,145,0,0,-0.679688,512
14,426,3,0,63.998,512
14,401,0,64,0.882812,512
14,217,22,0,63.998,512
14,169,0,0,63.998,512
14,475,16,0,62.7539,512
14,158,0,1,2.35156,256
14,120,3,0,63.998,512
14,407,4,1,63.998,512
14,443,0,1,3.375,256
14,568,0,0,-1.37305,512
14,35,26,0,57.1641,512
14,528,16,1,56.9922,512
14,300,0,23,0.851562,512
14,274,0,1,2.375,256
14,591,0,52,0.453125,512
14,381,59,0,61.8574,512
14,538,0,6,3.00391,256
14,308,0,0,9.45703,512
14,498,0,2,9.21875,512
14,05,0,0,54.9453,512
14,109,0,14,0.964844,512
14,546,0,0,-10.9668,512
14,333,13,0,63.998,512
14,405,0,0,63.998,512
14,391,0,1,2.29688,256
14,331,4,0,63.998,512
14,47,12,0,60.9238,512
14,54,22,0,63.998,512
14,97,0,2,2.73438,256
14,367,0,0,0.0390625,512
14,184,0,0,63.998,512
14,122,24,0,63.998,512
14,07,0,0,60.0254,512
14,135,0,0,0.0351562,512
14,523,16,0,63.998,512
14,346,0,0,0.0429688,512
14,116,0,34,0.914062,512
14,449,23,0,63.998,512
14,211,0,36,0.886719,512
14,454,34,0,59.2617,512
14,219,0,0,-2.13281,512
14,354,19,0,63.998,512
14,420,0,0,0.046875,512
14,281,47,0,63.998,512
14,232,0,4,2.41797,256
14,335,0,0,0.0957031,512
14,162,1,1,63.998,512
14,317,9,0,63.2637,512
14,199,0,0,0.0351562,512
14,95,0,0,0.0429688,512
14,566,29,1,63.998,512
14,283,0,0,-5.73828,512
14,230,0,0,0.0390625,512
14,310,1,0,63.998,512
14,489,0,33,0.869141,512
14,205,0,12,0.867188,512
14,137,0,2,2.10938,256
14,428,6,0,63.998,512
14,103,0,0,0.0410156,512
14,515,0,0,0.0507812,512
14,264,0,0,63.998,512
14,236,11,0,63.998,512
14,148,62,0,63.3457,512
14,521,14,0,63.998,512
14,312,8,0,63.998,512
14,447,2,0,63.998,512
14,470,13,0,63.998,512
14,166,0,0,0.791016,512
14,338,0,0,63.998,512
14,03,6,0,63.998,512
